{
  "Name":           "openjpeg",
  "Title":          "OpenJPEG",
  "SourceUrl":      "https://github.com/uclouvain/openjpeg/tags",
  "Git":            "https://github.com/uclouvain/openjpeg.git",
  "Maintainer":     "OpenJPEG team",
  "MaintainerUrl":  "http://www.openjpeg.org/",
  "Configure":      "-DCMAKE_C_FLAGS='-fvisibility=hidden -g -Og -w -fpermissive'",
  "Package":        "version.",

  "Versions": [
  {
    "Number":         "current",
    "Installed":      "installed/openjpeg/current",
    "Source":         "src/openjpeg/current",
    "Changelog":      "On",
    "HeadersDiff":    "On",
    "PkgDiff":        "Off",
    "ABIView":        "Off",
    "ABIDiff":        "Off",
    "PublicSymbols":  "public_symbols/openjpeg/current/list",
    "PublicTypes":    "public_types/openjpeg/current/list"
  },
  {
    "Number":         "2.2.0",
    "Installed":      "installed/openjpeg/2.2.0",
    "Source":         "src/openjpeg/2.2.0/version.-2.2.0.tar.gz",
    "Changelog":      "CHANGELOG.md",
    "HeadersDiff":    "On",
    "PkgDiff":        "Off",
    "ABIView":        "Off",
    "ABIDiff":        "Off",
    "PublicSymbols":  "public_symbols/openjpeg/2.2.0/list",
    "PublicTypes":    "public_types/openjpeg/2.2.0/list"
  },
  {
    "Number":         "2.1.2",
    "Installed":      "installed/openjpeg/2.1.2",
    "Source":         "src/openjpeg/2.1.2/version.-2.1.2.tar.gz",
    "Changelog":      "CHANGELOG.md",
    "HeadersDiff":    "On",
    "PkgDiff":        "Off",
    "ABIView":        "Off",
    "ABIDiff":        "Off",
    "PublicSymbols":  "public_symbols/openjpeg/2.1.2/list",
    "PublicTypes":    "public_types/openjpeg/2.1.2/list"
  },
  {
    "Number":         "2.1.1",
    "Installed":      "installed/openjpeg/2.1.1",
    "Source":         "src/openjpeg/2.1.1/version.-2.1.1.tar.gz",
    "Changelog":      "CHANGELOG.md",
    "HeadersDiff":    "On",
    "PkgDiff":        "Off",
    "ABIView":        "Off",
    "ABIDiff":        "Off",
    "PublicSymbols":  "public_symbols/openjpeg/2.1.1/list",
    "PublicTypes":    "public_types/openjpeg/2.1.1/list"
  },
  {
    "Number":         "2.1",
    "Installed":      "installed/openjpeg/2.1",
    "Source":         "src/openjpeg/2.1/version.2.1.tar.gz",
    "Changelog":      "NEWS",
    "HeadersDiff":    "On",
    "PkgDiff":        "Off",
    "ABIView":        "Off",
    "ABIDiff":        "Off",
    "PublicSymbols":  "public_symbols/openjpeg/2.1/list",
    "PublicTypes":    "public_types/openjpeg/2.1/list"
  },
  {
    "Number":         "2.0.1",
    "Installed":      "installed/openjpeg/2.0.1",
    "Source":         "src/openjpeg/2.0.1/version.2.0.1.tar.gz",
    "Changelog":      "NEWS",
    "HeadersDiff":    "On",
    "PkgDiff":        "Off",
    "ABIView":        "Off",
    "ABIDiff":        "Off",
    "PublicSymbols":  "public_symbols/openjpeg/2.0.1/list",
    "PublicTypes":    "public_types/openjpeg/2.0.1/list"
  },
  {
    "Number":         "2.0",
    "Installed":      "installed/openjpeg/2.0",
    "Source":         "src/openjpeg/2.0/version.2.0.tar.gz",
    "Changelog":      "NEWS",
    "HeadersDiff":    "On",
    "PkgDiff":        "Off",
    "ABIView":        "Off",
    "ABIDiff":        "Off",
    "PublicSymbols":  "public_symbols/openjpeg/2.0/list",
    "PublicTypes":    "public_types/openjpeg/2.0/list"
  },
  {
    "Number":         "1.5.2",
    "Installed":      "installed/openjpeg/1.5.2",
    "Source":         "src/openjpeg/1.5.2/version.1.5.2.tar.gz",
    "Changelog":      "NEWS",
    "HeadersDiff":    "On",
    "PkgDiff":        "Off",
    "ABIView":        "Off",
    "ABIDiff":        "Off",
    "PublicSymbols":  "public_symbols/openjpeg/1.5.2/list",
    "PublicTypes":    "public_types/openjpeg/1.5.2/list"
  },
  {
    "Number":         "1.5.1",
    "Installed":      "installed/openjpeg/1.5.1",
    "Source":         "src/openjpeg/1.5.1/version.1.5.1.tar.gz",
    "Changelog":      "NEWS",
    "HeadersDiff":    "On",
    "PkgDiff":        "Off",
    "ABIView":        "Off",
    "ABIDiff":        "Off",
    "PublicSymbols":  "public_symbols/openjpeg/1.5.1/list",
    "PublicTypes":    "public_types/openjpeg/1.5.1/list"
  },
  {
    "Number":         "1.5",
    "Installed":      "installed/openjpeg/1.5",
    "Source":         "src/openjpeg/1.5/version.1.5.tar.gz",
    "Changelog":      "NEWS",
    "HeadersDiff":    "On",
    "PkgDiff":        "Off",
    "ABIView":        "Off",
    "ABIDiff":        "Off",
    "PublicSymbols":  "public_symbols/openjpeg/1.5/list",
    "PublicTypes":    "public_types/openjpeg/1.5/list"
  }]
}
